PARAMS: {'dataset': 'hardness', 'dominant_gene': 1, 'genome_type': 0, 'mutation_p': 10, 'pop_size': 30, 'elitism_portion': 0.2, 'fitness_loss_weight': 150, 'fitness_epoch_count_weight': 0}
evolutionary_step,best_fitness,min_loss,convergence_time,best_genotype
0,0.0005153047386556864,0.0005153047386556864,8,[0.9553983660041175, [3], 64, [0.4414045570128587], ['leaky_relu'], 0.9012032412784887]
1,0.00048195375711657107,0.00048195375711657107,25,[0.9553983660041175, [3], 64, [0.4414045570128587], ['leaky_relu'], 0.9012032412784887]
2,0.0005012522451579571,0.0005012522451579571,21,[0.9553983660041175, [3], 64, [0.4414045570128587], ['leaky_relu'], 0.9012032412784887]
3,0.0004873729485552758,0.0004873729485552758,13,[0.3749438638670881, [3, 5], 8, [0.3301215432594358, 0.48216369140335574], ['leaky_relu', 'leaky_relu'], 0.8707695226884624]
4,0.0004815052670892328,0.0004815052670892328,75,[0.18171532120503875, [8, 6], 4, [0.454402540630702, 0.37211788692800213], ['leaky_relu', 'leaky_relu'], 0.9719139285474543]
