PARAMS: {'dataset': 'housing', 'dominant_gene': 1, 'genome_type': 0, 'mutation_p': 10, 'pop_size': 200, 'elitism_portion': 0.2, 'fitness_loss_weight': 150, 'fitness_epoch_count_weight': 0}
evolutionary_step,best_fitness,min_loss,convergence_time,best_genotype
0,0.0006701831007376313,0.0006701831007376313,37,[0.5673666015941615, [2], 512, [0.43177304974968783], ['softplus'], 0.9405189252595727]
1,0.0007059657364152372,0.0007059657364152372,12,[0.39623487464343105, [2], 2, [0.0300094628219289], ['softplus'], 0.6785049156932587]
2,0.0006717442302033305,0.0006717442302033305,324,[0.7586962879888459, [8, 6], 32, [0.347536687119998, 0.03646669081148707], ['softplus', 'softplus'], 0.994269161861772]
3,0.0006434606621041894,0.0006434606621041894,17,[0.22825190090640768, [7, 3, 2, 7, 3], 16, [0.43461710416206617, 0.43461710416206617, 0.43461710416206617, 0.43461710416206617, 0.43461710416206617], ['leaky_relu', 'leaky_relu', 'leaky_relu', 'leaky_relu', 'leaky_relu'], 0.9836013747407617]
4,0.0006279354565776885,0.0006279354565776885,7,[0.0499945485668044, [4, 6], 256, [0.3343504054934307, 0.2709066969086578], ['leaky_relu', 'leaky_relu'], 0.9416951493632861]

EVOLUTION ENDED

Optimal genes: [0.0499945485668044, [4, 6], 256, [0.3343504054934307, 0.2709066969086578], ['leaky_relu', 'leaky_relu'], 0.9416951493632861]           
Optimal fitness: 0.0006279354565776885                 
