PARAMS: {'dataset': 'hardness', 'dominant_gene': 1, 'genome_type': 0, 'mutation_p': 20, 'pop_size': 30, 'elitism_portion': 0.2, 'fitness_loss_weight': 150, 'fitness_epoch_count_weight': 0}
evolutionary_step,best_fitness,min_loss,convergence_time,best_genotype
0,0.000638543046079576,0.000638543046079576,5,[0.02699142232082422, [4, 5], 256, [0.3067504071940524, 0.35919684998073065], ['softplus', 'linear'], 0.8789747721177886]
1,0.0005962712457403541,0.0005962712457403541,16,[0.02117477088947871, [8], 32, [0.024227322442800903], ['softplus'], 0.8781561699252034]
2,0.0005863883416168392,0.0005863883416168392,26,[0.02117477088947871, [8], 32, [0.024227322442800903], ['softplus'], 0.8781561699252034]
3,0.0005812101881019771,0.0005812101881019771,16,[0.32604663420567553, [7, 4, 5], 2, [0.09470139063706023, 0.17802395728058734, 0.03149163695646362], ['softplus', 'softplus', 'leaky_relu'], 0.9387877778867879]
