evolutionary_step,[min_losses]
0,[0.3654988022239539, 0.35434423323696673, 0.5954822654305795, 0.5954822654305795, 0.5954822654305795, 0.5954822654305795, 0.5954822654305795, 0.41308319872590815, 0.31013712674612326, 0.3801187543129121]
1,[0.5954822654305795, 0.3894239002077685, 0.5954822654305795, 0.31351645135666195, 0.3609595105852048, 0.5954822654305795, 0.5954822654305795, 0.5954822654305795, 0.5954822654305795, 0.5954822654305795]
2,[0.5954822654305795, 0.3783530100665651, 0.33666750979874716, 0.5954822654305795, 0.5954822654305795, 0.5954822654305795, 0.5954822654305795, 0.5954822654305795, 0.3619086523498287, 0.5954822654305795]
3,[0.4079502526615316, 0.4880525139348668, 0.5954822654305795, 0.45055434519486814, 0.5954822654305795, 0.3216913320291306, 0.35040904081094093, 0.5954822654305795, 0.5954822654305795, 0.40326797385620905]
4,[0.5954822654305795, 0.5528050768329931, 0.5954822654305795, 0.2902838591996476, 0.5906620073772083, 0.4803586116198497, 0.5954822654305795, 0.5392550547339103, 0.5954822654305795, 0.376384998443822]
