PARAMS: {'dataset': 'diabetes', 'dominant_gene': 1, 'genome_type': 0, 'mutation_p': 10, 'pop_size': 10, 'elitism_portion': 0.2, 'fitness_loss_weight': 150, 'fitness_epoch_count_weight': 1}
evolutionary_step,best_fitness,min_loss,convergence_time,best_genotype
0,0.47693915991348884,0.3801187543129121,15,[0.055498798730368074, [4, 5, 2, 7, 3, 7, 5], 256, [0.0036526674352191204, 0.014098175876197817, 0.04071180195962457, 0.04020519361459505, 0.04611583875431299, 0.013841336211946482, 0.043643797345075536], ['leaky_relu', 'linear', 'linear', 'relu', 'linear', 'leaky_relu', 'leaky_relu'], 0.9020027159223267]
1,0.39168163303166037,0.3609595105852048,5,[0.0932568275511644, [7], 4, [0.025597066072089825], ['relu'], 0.9673718148180012]
2,0.33443792364113956,0.33666750979874716,0,[0.24599300073021865, [7, 2, 7], 16, [0.0458005508847715, 0.007979817887131108, 0.015953634350684278], ['linear', 'leaky_relu', 'leaky_relu'], 0.9343053050072868]
3,0.427558649812193,0.35040904081094093,12,[0.19080151145753613, [2, 7, 7], 512, [0.0458005508847715, 0.007979817887131108, 0.015953634350684278], ['leaky_relu', 'relu', 'leaky_relu'], 0.9015931504252915]
4,0.4334950315667106,0.376384998443822,9,[0.24599300073021865, [3, 3, 4], 16, [0.0458005508847715, 0.007979817887131108, 0.015953634350684278], ['linear', 'leaky_relu', 'leaky_relu'], 0.9015931504252915]
