evolutionary_step,best_fitness,best_genotype
1,0.18137526512145996,[0.09115967413811586, [6, 6], 8, [0, 0], ['leaky_relu', 'leaky_relu']]
2,0.1808837205171585,[0.09115967413811586, [6, 6], 8, [0, 0], ['leaky_relu', 'leaky_relu']]
3,0.18060773611068726,[0.16241482692561207, [3, 3], 32, [0, 0], ['leaky_relu', 'relu']]
4,0.182789608836174,[0.10097977511346995, [4, 5, 4], 32, [0, 0, 0], ['linear', 'leaky_relu', 'leaky_relu']]
5,0.18230284750461578,[0.08866004728713145, [5, 6, 5, 4], 256, [0, 0, 0, 0], ['leaky_relu', 'leaky_relu', 'relu', 'leaky_relu']]
6,0.18127745389938354,[0.1233901251911574, [5, 6, 5, 4], 32, [0, 0, 0, 0], ['leaky_relu', 'leaky_relu', 'relu', 'leaky_relu']]
7,0.18131402134895325,[0.10678756785588486, [4, 6, 4, 6], 256, [0, 0, 0, 0], ['linear', 'leaky_relu', 'leaky_relu', 'leaky_relu']]
