PARAMS: {'dataset': 'housing', 'dominant_gene': 1, 'genome_type': 0, 'mutation_p': 10, 'pop_size': 10, 'elitism_portion': 0.2, 'fitness_loss_weight': 150, 'fitness_epoch_count_weight': 0}
evolutionary_step,best_fitness,min_loss,convergence_time,best_genotype
0,0.0005729930126108229,0.0005729930126108229,59,[0.7711300255503404, [3], 256, [0.0434966989032679], ['leaky_relu'], 0.9814745903800324]
1,0.0008412875467911363,0.0008412875467911363,77,[0.397725302794852, [2], 64, [0.012577420437947164], ['leaky_relu'], 0.8406662323574736]
2,0.0005756877362728119,0.0005756877362728119,6,[0.397725302794852, [2], 8, [0.06991392108796668], ['softplus'], 0.8406662323574736]
3,0.0006068588118068874,0.0006068588118068874,3,[0.397725302794852, [2], 4, [0.06991392108796668], ['leaky_relu'], 0.907777076082689]
4,0.0007909776177257299,0.0007909776177257299,33,[0.5227424536742838, [2], 4, [0.06991392108796668], ['leaky_relu'], 0.8770215692425198]
5,0.000831650395411998,0.000831650395411998,42,[0.7711300255503404, [3], 8, [0.06991392108796668], ['leaky_relu'], 0.8770215692425198]
6,0.0006114172865636647,0.0006114172865636647,40,[0.7711300255503404, [3], 8, [0.0458184457455106], ['leaky_relu'], 0.9041005477728399]
7,0.0005124537856318057,0.0005124537856318057,27,[0.7711300255503404, [3], 8, [0.06991392108796668], ['linear'], 0.9952720518080669]
