evolutionary_step,best_fitness,best_genotype
1,0.18137526512145996,[0.09115967413811586, [6, 6], 8, [0, 0], ['leaky_relu', 'leaky_relu']]
2,0.1808837205171585,[0.09115967413811586, [6, 6], 8, [0, 0], ['leaky_relu', 'leaky_relu']]
3,0.18060773611068726,[0.16241482692561207, [3, 3], 32, [0, 0], ['leaky_relu', 'relu']]
4,0.182789608836174,[0.10097977511346995, [4, 5, 4], 32, [0, 0, 0], ['linear', 'leaky_relu', 'leaky_relu']]
5,0.18230284750461578,[0.08866004728713145, [5, 6, 5, 4], 256, [0, 0, 0, 0], ['leaky_relu', 'leaky_relu', 'relu', 'leaky_relu']]
6,0.18127745389938354,[0.1233901251911574, [5, 6, 5, 4], 32, [0, 0, 0, 0], ['leaky_relu', 'leaky_relu', 'relu', 'leaky_relu']]
7,0.18131402134895325,[0.10678756785588486, [4, 6, 4, 6], 256, [0, 0, 0, 0], ['linear', 'leaky_relu', 'leaky_relu', 'leaky_relu']]
8,0.18075606226921082,[0.09922144061997305, [4, 5, 4], 256, [0, 0, 0], ['linear', 'linear', 'softplus']]
9,0.18057996034622192,[0.10097977511346995, [4, 5, 4], 128, [0, 0, 0], ['linear', 'leaky_relu', 'leaky_relu']]
10,0.18092812597751617,[0.1233901251911574, [5, 6, 5, 4], 32, [0, 0, 0, 0], ['leaky_relu', 'leaky_relu', 'relu', 'leaky_relu']]
11,0.18080182373523712,[0.08629363139866175, [5, 2, 2, 4], 512, [0, 0, 0, 0], ['linear', 'leaky_relu', 'leaky_relu', 'leaky_relu']]
12,0.1823904812335968,[0.08120157994999322, [4, 5, 4], 512, [0, 0, 0], ['linear', 'leaky_relu', 'leaky_relu']]
13,0.18093962967395782,[0.14563321678238147, [4, 5, 4], 8, [0, 0, 0], ['leaky_relu', 'leaky_relu', 'linear']]
14,0.18059584498405457,[0.10097977511346995, [4, 5, 4], 256, [0, 0, 0], ['linear', 'leaky_relu', 'leaky_relu']]
15,0.18102186918258667,[0.11188075214975224, [4, 5, 4], 128, [0, 0, 0], ['linear', 'leaky_relu', 'leaky_relu']]
16,0.18118850886821747,[0.13489707373142817, [4, 5, 4], 256, [0, 0, 0], ['leaky_relu', 'relu', 'leaky_relu']]
17,0.18125012516975403,[0.07417100193834313, [6, 4, 2, 3], 512, [0, 0, 0, 0], ['linear', 'leaky_relu', 'leaky_relu', 'leaky_relu']]
