PARAMS: {'dataset': 'housing', 'dominant_gene': 1, 'genome_type': 0, 'mutation_p': 10, 'pop_size': 10, 'elitism_portion': 0.2, 'fitness_loss_weight': 150, 'fitness_epoch_count_weight': 0}
evolutionary_step,best_fitness,min_loss,convergence_time,best_genotype
0,0.0006450155051425099,0.0006450155051425099,37,[0.17045743242105305, [7, 4], 4, [0.005493802977228891, 0.00708296073649275], ['linear', 'linear'], 0.9358977507649647]
1,0.0010052454890683293,0.0010052454890683293,66,[0.17045743242105305, [7, 4], 4, [0.005493802977228891, 0.00708296073649275], ['linear', 'linear'], 0.9358977507649647]
2,0.0005751947755925357,0.0005751947755925357,62,[0.17045743242105305, [7, 4], 4, [0.005493802977228891, 0.00708296073649275], ['linear', 'linear'], 0.9358977507649647]
3,0.0005432788748294115,0.0005432788748294115,39,[0.17045743242105305, [7, 4], 4, [0.005493802977228891, 0.00708296073649275], ['linear', 'linear'], 0.9558165961274385]
4,0.0006359279504977167,0.0006359279504977167,16,[0.08490590240408488, [6, 2, 3], 32, [0.0018919634454812985, 0.0018919634454812985, 0.0018919634454812985], ['linear', 'linear', 'linear'], 0.9182407705893814]
